r (Angstrom),"g(r) O-Cl-, Glycine (G)","g(r) O-OE1, Glycine (G)","g(r) O-Cl-, Serine (S)","g(r) O-OE1, Serine (S)","g(r) O-Cl-, Arginine (R)","g(r) O-OE1, Arginine (R)","g(r) O-Cl-, Lysine (K)","g(r) O-OE1, Lysine (K)","g(r) O-Cl-, Aspartic acid (D)","g(r) O-OE1, Aspartic acid (D)","g(r) O-Cl-, Glutamine (Q)","g(r) O-OE1, Glutamine (Q)","g(r) O-Cl-, Tyrosine (Y)","g(r) O-OE1, Tyrosine (Y)","g(r) O-Cl-, Phenylalanine (F)","g(r) O-OE1, Phenylalanine (F)"
0.1,0.0,0.0,0.0,0.0,0.0,0.0,0.0,0.0,0.0,0.0,0.0,0.0,0.0,0.0,0.0,0.0
0.30000000000000004,0.0,0.0,0.0,0.0,0.0,0.0,0.0,0.0,0.0,0.0,0.0,0.0,0.0,0.0,0.0,0.0
0.5000000000000001,0.0,0.0,0.0,0.0,0.0,0.0,0.0,0.0,0.0,0.0,0.0,0.0,0.0,0.0,0.0,0.0
0.7000000000000001,0.0,0.0,0.0,0.0,0.0,0.0,0.0,0.0,0.0,0.0,0.0,0.0,0.0,0.0,0.0,0.0
0.9000000000000001,0.0,0.0,0.0,0.0,0.0,0.0,0.0,0.0,0.0,0.0,0.0,0.0,0.0,0.0,0.0,0.0
1.1000000000000003,0.0,0.0,0.0,0.0,0.0,0.0,0.0,0.0,0.0,0.0,0.0,0.0,0.0,0.0,0.0,0.0
1.3000000000000003,0.0,0.0,0.0,0.0,0.0,0.0,0.0,0.0,0.0,0.0,0.0,0.0,0.0,0.0,0.0,0.0
1.5000000000000004,0.0,0.0,0.0,0.0,0.0,0.0,0.0,0.0,0.0,0.0,0.0,0.0,0.0,0.0,0.0,0.0
1.7000000000000004,0.0,0.0,0.0,0.0,0.0,0.0,0.0,0.0,0.0,0.0,0.0,0.0,0.0,0.0,0.0,0.0
1.9000000000000004,0.0,0.0,0.0,0.0,0.0,0.0,0.0,0.0,0.0,0.0,0.0,0.0,0.0,0.0,0.0,0.0
2.1000000000000005,0.0,0.0,0.0,0.0,0.0,0.0,0.0,0.0,0.0,0.0,0.0,0.0,0.0,0.0,0.0,0.0
2.3000000000000007,0.0,0.0,0.0,0.0,0.0,0.0,0.0,0.0,0.0,0.0,0.0,0.0,0.0,0.0,0.0,0.0
2.5000000000000004,0.0,0.0,0.0,0.0,0.0,0.0,0.0,0.0,0.0,0.0,0.0,0.0,0.0,0.0,0.0,0.0019410647278968209
2.7000000000000006,0.0,0.0,0.0,0.0,0.0,0.0,0.0,0.0,0.0,0.0,0.0,0.0016637094917891849,0.0,0.0,0.0,0.1065274398333569
2.900000000000001,0.0,0.002882743249083319,0.0,0.001439671144183199,0.0,0.005712252358495904,0.0,0.0014289598353297355,0.0,0.0028867885050581797,0.0,0.0,0.0,0.0,0.0,0.1543686770993197
3.1000000000000005,0.0,0.017674325430855134,0.0,0.020182578924488458,0.0,0.020002478879057293,0.0,0.007497560974231332,0.0,0.012620152629734975,0.0,0.012617355508542358,0.0,0.0,0.16961696759500866,0.0643969338649796
3.3000000000000007,0.0,0.03453106429880517,0.004604979081502049,0.05566268285994565,0.0011399369203024445,0.03200472914333202,0.0,0.029779956495816797,0.0011512915380988684,0.018936411311451105,0.004604583203509429,0.015591149147623828,0.0,0.004457449449722667,0.447907994369008,0.05236754275835579
3.500000000000001,0.00716462182256135,0.0594290212357341,0.024563800787383835,0.09698546209990694,0.017232695551538387,0.07655588155484314,0.011149677562959096,0.07256305326945897,0.006139598290427787,0.04753493967719143,0.01330393442803119,0.06338848868308102,0.0,0.044539810550715694,0.3296084490659764,0.06736733526320779
3.7000000000000006,0.0329707729691678,0.12848089482665934,0.06685797188867446,0.14966723196518963,0.05895813377857954,0.11941416754591785,0.04081841235461775,0.16231255191897054,0.02747116749632975,0.10012502269476037,0.04212712108455467,0.10459830236117652,0.0009159753103134761,0.09478055338582714,0.1657942320616524,0.06825109548476818
3.900000000000001,0.09067763751476972,0.20100435238934683,0.1739383034231886,0.2223967201490376,0.16654833753583154,0.21336700032576214,0.12491617839909805,0.23219789463801646,0.07747558397234168,0.17146772561291618,0.12364359487650256,0.15876652695189292,0.06512770525299827,0.0757307491303283,0.11459907016103428,0.08538309719897182
4.1000000000000005,0.21556804786759293,0.29158610617317804,0.25062193254442433,0.2928614226426517,0.2733313572553156,0.34470643584297606,0.23639909008866988,0.3237198840691493,0.165560710204802,0.24607577734875097,0.2230098089876792,0.26995113132954934,0.24093819399295424,0.07287929394445801,0.1260769625409964,0.12200546146913789
4.300000000000001,0.36009191221177284,0.3320323317279694,0.40281733806186143,0.34230797697748133,0.4513299083051868,0.36794529869268644,0.3398531327447334,0.3326747460112802,0.27392237052621665,0.28407832384902315,0.35735805826175765,0.2808923015367457,0.2766977781755502,0.10428330699983848,0.190584056186858,0.16801761186430797
4.500000000000001,0.45945478832425496,0.39425609422717744,0.541811614157484,0.41614087999223925,0.5457982104964927,0.4487224487946158,0.47589977557202473,0.40161847827743313,0.36898964228486164,0.2929434103391884,0.5083417990192889,0.3014690668291639,0.21240106509483386,0.12277089715039213,0.21241829881701962,0.23611431221231233
4.7,0.5290394376143018,0.4888145801797286,0.5778599156550555,0.5648366229172044,0.6431373711178965,0.5207789846012915,0.5503936324415122,0.4639141739326534,0.39274109218835385,0.34761770346949883,0.47905793225505927,0.35102408137418084,0.19187233522176766,0.19217415597197118,0.30600179941083183,0.2961322789463473
4.9,0.5692576486430947,0.5310579608400543,0.5645555308528374,0.6459256637654044,0.6491253323941655,0.5783062024201244,0.523973614583062,0.4838671115039517,0.42921711123072365,0.3855105837148308,0.5138693910891771,0.3421960307969577,0.2632346764450024,0.26167007761442584,0.41002796503438854,0.31287762176125977
5.1000000000000005,0.6961557876775153,0.5345836560415077,0.6918169640677101,0.6060321298018885,0.7324326762779646,0.5222688333075564,0.5772761509102268,0.4937462480425043,0.41549831901030665,0.36193977629371077,0.49749840328264944,0.38726946274905133,0.3616020461672441,0.3352586448200107,0.4739748643308132,0.3616234726245054
5.300000000000001,0.9570977642875738,0.5286834363166109,0.9137986759539067,0.5935329027156265,1.0124446981819166,0.5448123768091959,0.7396846780850771,0.48414894343536014,0.50970746725395,0.36106058160785637,0.5887761960397708,0.37371660388138606,0.4058061590505928,0.375211549144409,0.4978147722163808,0.377630216132427
5.500000000000001,0.8344609825776474,0.560337787620438,0.7673067396964066,0.6585806785495227,0.9003324888695505,0.618364286005184,0.695493674733147,0.542498081547867,0.46336936953884966,0.3661653402164338,0.5376180757386524,0.4220541004803939,0.4949841329402641,0.3845214884335241,0.4966869027294857,0.38717276749995305
5.700000000000001,0.7082328605329669,0.6042499017553312,0.6958850499733106,0.6863439935118696,0.7545578017229555,0.6471430360525466,0.5925041968786352,0.5883065952292108,0.4206205977704472,0.4480854224889951,0.4951570776945326,0.4657951081339698,0.5500227876783502,0.4479900411739389,0.5381040967512719,0.4437867092516655
5.9,0.6732841083941655,0.6242797860465654,0.6920206166632845,0.7294417538048978,0.7417337245909228,0.7373500537179711,0.5947627409777215,0.6661424428332643,0.4059168785554062,0.48479513695873633,0.528796469081931,0.5006379852792391,0.5540790403550668,0.4372861233164247,0.5591703634897066,0.47242487291315755
6.1000000000000005,0.7205167630587037,0.6897152965626657,0.7484894054288191,0.7443110968803079,0.8290729380137142,0.7346371886906762,0.6051353587453469,0.7513404072924073,0.43937687024873406,0.4906940120738389,0.5492856902185649,0.527377396677165,0.5567679635547416,0.47298909748970885,0.6046750244021437,0.49383508669912907
6.300000000000001,0.7544871654109424,0.6912202446890465,0.8360039376495066,0.7332365409332244,0.8595677999854985,0.808089774496886,0.7090781617622289,0.7746164656356215,0.5190177060890686,0.530035352261274,0.6384958160908862,0.5751479794099938,0.6050834589303028,0.47672947074287003,0.6566352394536477,0.5330052887394556
6.500000000000001,0.8177031754956833,0.7228486568850445,0.8598518982823415,0.7470713044264793,0.9333009118823362,0.8444891306352424,0.8089870268188843,0.8399783588752444,0.5754103692794434,0.568551768572332,0.7158537556717308,0.6253335824219758,0.6188839041188909,0.5466092986097845,0.668207972502932,0.5618887994712258
6.700000000000001,0.8746551619517273,0.7468173887689962,0.8880646383418687,0.7631318048049192,1.0145353782665743,0.8617548023684405,0.9227117456683724,0.9099580454264373,0.6488241706963754,0.5805237143602754,0.811472897704097,0.6599028806391999,0.6489778029674609,0.5698761537310134,0.6752916977228539,0.5518291731006588
6.900000000000001,0.9226677076169315,0.7643281481443664,0.9084526494921475,0.7699472306640718,1.0744869664558108,0.8549669997978642,0.9712173185752104,0.8993455836143254,0.7078798032123023,0.6098020833418835,0.8043585133827612,0.6566346641741652,0.671166389842634,0.5747827606238128,0.6841323722448694,0.5860800296915365
7.100000000000001,0.9567494570630949,0.7924137736539425,0.9385932218215701,0.7675986644011569,1.0847806956550512,0.877873618634483,1.0670779693712702,0.9761949034863834,0.7265171645326529,0.6211722603754504,0.8656518041579809,0.6497706468326252,0.7249495671205728,0.622984157951843,0.7080820154937453,0.6120399967450958
7.300000000000001,0.9838799397945335,0.7835058068653822,0.9375246041205132,0.7946012840632566,1.1044682014550253,0.8938075050778787,1.0788642007620788,1.0474504728291936,0.7319567220161748,0.6258567889552586,0.9019368386343205,0.6868747691865696,0.7631947799376402,0.6773922870164311,0.7731416186858704,0.6381744608241257
7.500000000000001,0.9840531824446578,0.8104382546350016,0.9345654222775105,0.7956877372084693,1.1075110862810955,0.9260770317298128,1.1477335747814497,1.0884317551720497,0.7554104898298726,0.6772623312444326,0.9088671521899359,0.7037753036352103,0.8090967741816398,0.7202501204717375,0.8047022416111275,0.6581162842719672
7.700000000000001,0.9630021254842434,0.7887611171882163,0.9312785839862301,0.8410254236232433,1.093876641592746,0.9467257949138793,1.2011712926857336,1.1064046851864955,0.7727216242490547,0.6904160117937477,0.8865930898845056,0.715404641333742,0.8712597345673745,0.7314046735913182,0.8131543201658649,0.6710541860671599
7.900000000000001,0.99422962647328,0.8171635932662394,0.943396971463004,0.8438621820943152,1.1128309299289505,0.9772242124038335,1.1900812721988334,1.1394410022479935,0.8019980216682994,0.7072277253190385,0.9033537980400056,0.7395194591510604,0.9396317132103628,0.775690171216598,0.8474672974431972,0.6884816059086607
8.100000000000001,0.9719262829081412,0.8557627782238513,0.9637099507909209,0.8492628955878532,1.1479021691379776,0.9815963264559819,1.1901582321950106,1.1862524302357302,0.7969022409545119,0.7685209554789924,0.9214112762479125,0.7615573935090183,0.9706495021529236,0.7849752638116091,0.8717027433942945,0.7127895727156418
8.3,0.9811727948371392,0.862903840870145,0.9522352504873386,0.8551198825594546,1.1673510712735766,1.0191390293859368,1.2081369844445855,1.2085828842710353,0.8051872385367782,0.7712010040238779,0.9012077289229286,0.7906481294735411,0.977958507519368,0.7893462589039357,0.9002939438897651,0.7340096356251471
8.500000000000002,0.9702609460141158,0.8678001959852414,0.9442295387522626,0.8662046539674209,1.1984997894189957,1.021988517071511,1.2291389322470412,1.191457408515005,0.8508696450772425,0.7899121183041488,0.9245575898710323,0.8061051242998114,0.9975706804748119,0.7722924820571849,0.8856848286953124,0.7525951213066957
8.700000000000001,0.9927703121992878,0.9122187333671827,0.9743847240686121,0.8939736441264802,1.180949635121057,1.0269672787226176,1.2019975554270674,1.181438960765388,0.8710107740777456,0.8123654486984916,0.9640507289890563,0.8231889882516459,0.9729463935364057,0.8182798440927147,0.9049215531240227,0.7795119472806468
8.900000000000002,1.005808646686459,0.8633718001867916,1.0069210066154148,0.8867051853984564,1.1748833028918508,1.0204793770006164,1.2034632039502402,1.2067554821387696,0.9073330123935468,0.826198855217068,1.000840265105765,0.8214268127913075,0.963121495685877,0.8300142772899715,0.9073049621263742,0.7926640746966958
9.100000000000001,1.016904695420584,0.8994014059090922,0.987075970144533,0.9127336439645604,1.1784057699608097,1.0653102739765188,1.223740606101398,1.1852102955661854,0.9021110895787796,0.837462382241765,1.010483738579078,0.8597074149771803,0.9571452067156044,0.8510681193157276,0.9060327111491182,0.793666620421122
9.3,1.0213397338568715,0.8883568190813063,1.006555718708311,0.9113426482212743,1.1657493426580818,1.0353923685403985,1.2059971635913467,1.190902021252417,0.9060574386239564,0.8280664886722063,1.0009829776591053,0.8865449655123239,0.9908082645570172,0.886088321723212,0.9222976433020931,0.8407527877494804
9.500000000000002,1.0129744475908427,0.9028952749269564,1.0200670969095849,0.8982464345264574,1.1236508933234384,1.060447525053998,1.2189233067501515,1.1921505066819256,0.9241629310386299,0.8175033997983276,1.0152782171742258,0.8704456963341307,1.0010856095281462,0.9057769132990656,0.92209239962022,0.8281974296315722
9.700000000000001,1.010553576746963,0.8915429610492388,0.9938983475715267,0.9260204413922724,1.1577850920915176,1.0942381910496268,1.1834323961045787,1.1632792273932062,0.9065680169619922,0.8342997878178919,1.0090282111817694,0.8783872066030203,1.002620371663762,0.9033450351767746,0.9604446964359018,0.8308952680201102
9.900000000000002,0.9830595982178318,0.9304251041169016,1.0039213563005174,0.9263380513677449,1.1366985967605863,1.096339787816282,1.184895778162115,1.2241589620931663,0.909712812553723,0.8359568435487059,1.0002759871836817,0.8836419278472571,1.0021891714721496,0.9062141313450707,0.9386665977491151,0.8418870679999582
10.100000000000001,1.023438863944938,0.9154581216747151,0.9991024458620321,0.935774994376824,1.1655449925461552,1.1051925091018338,1.2067383980432838,1.2218331648308198,0.8922345289479439,0.8462358030265317,1.0182169472283773,0.9052730423911705,1.0206756355182387,0.8941196591193564,0.9645673949863969,0.8743034134671159
10.300000000000002,1.0182424217347466,0.9429425297408401,0.9847949511147183,0.9243776298645108,1.147064697220915,1.1300197888585084,1.2080988185969948,1.2022661377288133,0.9005859317505274,0.8657235063383002,1.0134529044027512,0.9061497607856217,1.0264613892998957,0.912219816454215,0.9634132578454907,0.8695036096372212
10.500000000000002,1.0035959489616375,0.9310071836031638,0.9940463268158285,0.95427285815951,1.1527857188902733,1.134812599419778,1.213661299452622,1.1526402903299506,0.9190391203239563,0.8862159937399241,1.0060410988963535,0.9281199096084816,1.0103731892294832,0.9022318289372397,0.9922492164022777,0.8924070653955589
10.700000000000001,1.0046598184441784,0.9813335181810849,1.008496906023228,0.9709513805616115,1.1695449756065337,1.1292443982154616,1.182929122248911,1.1292490281649838,0.9395426978360875,0.8750071885508303,1.0006573852596619,0.9257468622585459,1.017425054903375,0.9228598078856944,0.9922036846951194,0.8764181600533404
10.900000000000002,1.016788818910965,0.9466969913631939,1.0104597782351044,0.9683093144484014,1.1663286727560422,1.1235741140391964,1.1491181822451377,1.128678821139048,0.9328165187490846,0.8753616770118366,1.0214791246191957,0.9362142453819089,1.014846413976329,0.9310342324890402,0.972596561317649,0.8940135216678651
11.100000000000001,0.999717222619874,0.98092416202335,0.9980918043372597,0.9705405094413818,1.1461478280536719,1.0973006689706404,1.1087883628642476,1.1181805901601771,0.9447917367683845,0.9000359054982486,1.023982336917869,0.9295795679670195,1.01382409085729,0.9318418795596689,1.0069854793996584,0.9307652053341268
11.300000000000002,1.0008824960497422,0.9564817638281787,1.0131635845669846,0.9720968973405848,1.1333679335906208,1.1103368469228576,1.1038344320950926,1.1216837358803022,0.9330552087360346,0.9077090136752267,1.009564295000514,0.9431690255988299,0.9901405262580539,0.9400978909820454,1.0181165128023781,0.9469602703023966
11.500000000000002,0.996053257435766,0.9762740303495878,1.0049728747184872,0.9866206163432274,1.134485261847351,1.1007635233749593,1.0944197018386093,1.1190778700676047,0.9503734767751114,0.909802355134702,1.0299409508117572,0.9286288233839942,1.0121425268600641,0.9451085592567302,1.03327791762288,0.9183343963609019
11.700000000000001,0.9897768509358523,0.9640233568992918,1.0071871968432737,0.9783439746005154,1.1060118404122796,1.1144881117511987,1.0968849732002885,1.1146658237464493,0.942797964815954,0.9022704862403094,1.0040095655884334,0.9444774557989595,1.017690499092581,0.9375372870675174,1.006134058226826,0.9346467728850435
11.900000000000002,1.0000043402868775,0.9449143992618035,1.0154171267091268,0.963461621336837,1.0928306370101273,1.1107170025283186,1.096987890907148,1.1271383748339985,0.9783128093853659,0.9080099447558846,1.025803234979457,0.9532026760008655,1.0041407091469225,0.985360988535004,1.005019194810284,0.9338613253152515
12.100000000000001,1.0089335264244659,0.9721251696644201,1.0067946671594432,0.9737875701942336,1.091444459032596,1.1141236153962346,1.1031889413457534,1.1170204565763704,0.9587451666070574,0.91130914094165,1.0067344804897869,0.9684656702430348,1.0135366139456448,0.9515601443786247,0.9886035740725166,0.9352277612929223
12.300000000000002,1.0040768587746687,0.9594500520844301,1.0057386199960345,0.9788545381379263,1.0660092644016663,1.0905666841448982,1.0832846708939643,1.1202287405671503,0.9783735443559952,0.9070196009877912,1.0088253863028138,0.961128772610719,1.024614338284178,0.9696095570477965,0.9989946778196577,0.9520803199314611
12.500000000000002,0.9928295564688873,0.9895747354345726,0.9976503130309143,0.9646239940703818,1.0710409540052066,1.0976673296883948,1.0872137608366517,1.1111114054259765,0.9723544289246886,0.9252129234505628,1.0195782859554992,0.9687689058111996,1.040971203581392,0.973377468836776,1.0007588034116621,0.9444632600015357
12.700000000000003,0.995473637043246,0.9885067485425635,1.0089300724586248,0.9816964169095774,1.0572843323460195,1.093079246761583,1.0726464454716982,1.1280931578332187,0.9626520233084145,0.9531681215812327,1.0158637251995724,0.9816116878756493,1.0124095975836898,0.9792167267890945,1.000128406195987,0.9531198672778628
12.900000000000002,0.9928045793620284,1.0026696229777285,1.0213718634534468,0.9933080390379763,1.0690880836908563,1.1046956099176801,1.0765160622403915,1.1061711730387307,0.9544309755467932,0.9255945566801227,0.998551044520841,0.9727670372479238,1.0132171314971852,0.9915761324148722,1.0212114592917763,0.9771052418637761
13.100000000000001,1.005106649467307,1.003347639662361,1.001532360749582,0.9984768560920265,1.0460332209163905,1.0788250364066772,1.0624961118830447,1.094901118054164,0.9693507504806137,0.9374137505775292,1.0122096011190858,0.9865894831446704,1.0064860761189545,0.9833981832111074,1.0049592792168622,0.9809505814676652
13.300000000000002,1.019700330677326,1.012074495883498,1.0319704048792884,1.0000806055535814,1.0454233796120909,1.0743733298591498,1.0514991924547172,1.1028533936620826,0.9721023709013751,0.9428424956769683,1.0037608818226433,0.966647970530542,0.9999121035146492,0.9905132352434113,0.9930454056279929,0.9788425237976267
13.500000000000002,1.0080161193621486,1.0012805016776456,1.0066439784159937,0.9954207110973826,1.0390766708968404,1.0801109388555166,1.0432670237715893,1.11445187909192,0.9836223376463696,0.9483394048573726,0.9998365612293927,0.9892388767960951,1.0079421072108337,1.0039221748795533,1.0045120655977693,0.9663125983902943
13.700000000000003,0.9949689309873322,0.9870245520499,1.0039943065480994,0.9957686100452563,1.035628650563389,1.0674441450918042,1.0569728340811348,1.1119823420728667,0.9901885660084486,0.9351382840751457,0.9991208589524373,0.986320661098156,1.005857926402724,0.9927835692675564,1.010883111331684,0.9830540279194648
13.900000000000002,1.0182749526953978,0.9969194307632889,1.012632197823624,0.9871544638151661,1.027189742580961,1.0800724403897588,1.0371234716981124,1.104951655174932,0.9842888155608489,0.9503700438934531,1.0078296804859743,0.9942382347237128,1.0125606313473734,1.0047282910378448,1.006410838911814,0.9652037558318728
14.100000000000003,1.0153298828518753,1.0066912619864623,1.0195607819135006,1.0024139850385965,1.043174199862646,1.0710207374329697,1.0437733758994334,1.0913670614550843,0.992449652467635,0.9612539912989457,0.9935720218493566,1.000247548943462,1.0090253995982388,1.0157203824751555,1.0094814591538204,0.9866215844464126
14.300000000000002,0.9945493277701114,1.0124364286022716,1.004426224079139,0.9953903679803762,1.0401346158654725,1.0821073909965722,1.034036633439319,1.0796715375427213,0.9967679082812042,0.9597003824668854,1.0117833162524683,0.9964407815160148,1.0135008833086045,1.0038301639399876,1.0189196631814985,0.9959634673819704
14.500000000000002,1.0173456967190333,0.9932358022154075,1.0012459002766785,1.006350115653649,1.0232187229926983,1.076083825650928,1.0432789646586018,1.06733618767811,0.9883642775247468,0.9597287580156069,1.0097720972513418,1.0002647086397478,1.0069115218263591,1.0071959548761011,1.0069324384485436,0.9878451599945498
14.700000000000003,1.0036069393423601,1.0093072862796664,1.007905389395603,1.0088479812041313,1.0333850689125403,1.0653577801405394,1.0466398821076939,1.0748077794300661,0.9940311756621394,0.9615339319025533,1.0038950353069775,1.0036158251516754,1.0085450839274195,1.0138836205742554,1.0137917680018198,0.997832870518502
14.900000000000002,0.9987640375280897,1.0002517005642386,1.010121337150405,1.0135756930468816,1.0374404804266004,1.0677313841273004,1.0457532273003798,1.0753821327784185,0.9817593943189904,0.9693960259974279,0.9863349437698519,1.001005014181468,1.0133429789760866,1.0032228521796929,1.0076051628296367,0.9963085980601162
15.100000000000003,0.9926119817499384,0.9982550427771624,0.9994905942520529,0.9997634796408205,1.0250642134969312,1.0713067660327331,1.0213433321402574,1.0746290516939787,1.0072877585083515,0.9707071872428734,1.0071831503102788,1.0101846396726764,1.0058228692280096,1.012005410056437,1.0072219552354553,0.9935757607378368
15.300000000000002,0.9945285902069745,1.0125108576794015,1.0022478642009975,0.998196856992912,1.0283122186421614,1.0674627873240745,1.0326457204766368,1.0517489395771518,1.0041041455715254,0.9641488070768947,1.0155777943915256,1.0134482494314343,1.0191816150027129,1.014802711974061,1.0042602965498804,0.9946235441901105
15.500000000000002,1.00812613568072,1.0105432041462385,1.0067210631583081,0.9900321138435471,1.022625616779652,1.0584713471764389,1.0252986029893256,1.0534927571018913,1.0084188184777854,0.963006373729548,1.02675375537898,0.9983646995114268,1.0035454468931888,1.01012445926672,1.0192869228734516,1.0083451320207037
15.700000000000003,1.003618189902361,1.005262423826556,1.00723569448928,1.0034303487733371,1.0296920562283103,1.0509983347593477,1.0196986720176924,1.0329837369940833,0.9969833340873265,0.9787592077289116,1.0056441995611987,0.9990922160421019,1.0067354227192435,1.0022242554758014,1.0249818946763112,1.004127721466296
15.900000000000002,1.0102767623910425,1.0069021019577293,1.0102324550767727,1.006264851117906,1.0103887120057276,1.0455454447253565,1.0287963686860422,1.0401288101243784,0.9968099547752056,0.9725649630896022,0.9965279071047353,1.0120351294753054,1.0091982654665193,1.0207390204735949,1.0186073054702067,1.013074939258852
16.100000000000005,0.9913331638364897,1.0050829025104313,1.0084158754585375,1.0048141866718627,1.0129438859058963,1.0577882401578138,1.025727224060471,1.0403103970103957,1.0019000037716363,0.9839896258486438,1.0153177742676538,1.0144396892597927,1.0119603515987727,1.028912672227696,1.000619257225174,0.99657086091016
16.300000000000004,1.0145442826240005,0.9980983277479353,1.0152102849135147,0.9997518579808212,1.0195177059638563,1.046355079408793,1.0148742063325686,1.0367820989612708,0.9871862012476017,0.9740085450730123,1.0104735700139729,1.0136068891240937,0.9982760044092406,1.0177237868742877,1.0071371538202893,1.0098659385152735
16.500000000000004,1.0020301871319002,0.9996800912299574,0.9952634811973757,1.003410817273521,1.0209074799873943,1.034525409331722,1.0325752829796748,1.0295103234049892,0.9885462861876793,0.981782115897755,1.0111378927691104,1.0013880716532226,1.0055939106088843,1.0057774513087996,0.9990393132524703,1.0034622926114611
16.700000000000006,1.0043885850614216,1.0161648735393798,1.000885657614711,1.010653219894634,1.008979961921927,1.0371242838106063,1.008882397175491,1.0282967264483345,0.9994937565969013,0.977986988510633,1.0095454521771021,1.0088074893500036,1.0004044452901932,1.0022763680268338,1.0016538845064784,1.0155601383182744
16.900000000000006,1.0032374784890221,1.01341839080539,0.9967449741918399,1.0180099998637004,1.0095066212187733,1.040418734310554,1.026372448707507,1.0250436387614812,1.0041179501338626,0.9968100334987997,1.006472779085457,0.9967429421980318,1.0108574064534102,1.020229866092125,1.0115063912438784,1.0118615533636597
17.100000000000005,1.0118606030066888,1.0039619967724756,1.0025588261348009,1.0014934181816495,1.0128342441982139,1.038314895502602,1.0179655755365018,1.0219598201413966,0.9979200226837681,0.9946281842140724,1.0019803799148597,1.0049581140354793,1.0014585279388524,1.0203188314485245,1.0024818896137555,1.0027216416530844
17.300000000000004,1.0122748865290858,1.0174811246122715,1.0085509125439702,1.008102297702206,1.0202617823628997,1.0349188239451839,1.0090485903353905,1.0134867391210496,0.9994477343556274,0.9750180458215887,1.0068525805944062,1.011757652960998,1.0042913618047749,1.0267379234775715,1.0087744559608052,1.0020674738649988
17.500000000000004,1.0089662017634358,1.0092246758659587,1.0090133487880484,1.0047074513712646,1.0046167643371253,1.0390541650060716,1.0183592812396187,1.0194041975899362,0.9998263407518126,0.9879157270765204,1.0074335175689375,1.00448319262515,0.9969916544391961,1.0244828853728911,1.0082913953857495,1.0187307749188568
17.700000000000006,1.0128340400491964,1.0076502699558647,1.027208814319264,1.0062454210841716,0.9958777224338924,1.0231454454346207,1.0075683457169453,1.0024791544245724,1.0004100365129045,0.9977849506608872,0.9982043440258918,1.00668911373503,1.0091742047097103,1.002193124857478,0.9954034173318942,1.0016853102816679
17.900000000000006,1.0100161845894113,1.0048659538293125,1.0047743559513735,1.0143241504849017,1.0217010611814223,1.029903612157562,1.0054150981291348,1.0079951534304037,1.0047521193812647,0.988518970987222,1.0031846645172597,1.0015226760320781,1.001703043271685,1.0235183536265289,1.0129784787959888,1.0063210941259064
18.100000000000005,1.011819574057629,1.011812556766168,1.0048194099742214,1.0041971200383966,1.005576736759455,1.0250057372630943,1.0216872860087731,1.0094418824047826,1.0120265900269318,0.9879102826351175,1.0109943865352813,1.0032927831034075,1.0064859758457354,1.008146431564147,1.0074850995554836,1.0084029265506822
18.300000000000004,1.0137910818733542,1.0079676313688257,1.0020367175314653,1.0115547234282865,1.014833596538956,1.0243964209380212,1.0068948992698343,1.0166491584779398,1.009235126363202,0.9802032700763693,1.0089005823257633,1.0099384007629442,0.9991744802244042,1.0036295005231173,1.009366775992925,1.0130068882371053
18.500000000000004,1.0032389610208965,1.005764416080979,1.0059189158550543,1.0074857963092696,1.005604530724797,1.0215182931692823,1.0189943970860582,1.0165681770897925,1.007242066324208,0.9974155370133595,0.9958525077952144,1.0098794961511337,1.0093117668415335,1.0154008375465797,1.0085503103367688,1.0054204429878986
18.700000000000006,1.0030895450807185,1.005356764709865,0.9946662060794539,1.0037461315445835,0.9959307587313538,1.0211012023352999,1.013297033873324,1.0083501573851539,1.0092971493325615,1.0048130455613524,1.0010222817162029,1.0138012940816665,0.9950826118759843,1.0106240816300383,1.0021576567494763,1.0155136936855336
18.900000000000006,1.008688406478667,1.0115339453393877,1.0009709858177611,1.0120020797437377,1.0020855261670425,1.0211869236237803,0.9991289969193693,0.9984924854826067,1.0103755071914966,0.9890906402298911,1.0154406804138638,1.006500423810558,1.0081222350314718,1.0185103617907456,1.0022675606077343,1.0129892593711143
19.100000000000005,1.007408484505179,1.0143322165988395,1.0020164407526169,1.0158148339822692,0.9992875183103793,1.0112991456825051,1.013552397947708,1.002628874740956,0.9995702936468351,0.9947276437255965,0.9993738621712395,1.0010237018380495,1.0050303131890934,1.0228293838177875,1.0078620430672593,1.0108140524283895
19.300000000000004,0.9988589990166119,1.0065037310551916,0.9973156923478657,1.0075676895010384,1.001158779913258,1.0166542388302542,1.010094943002797,1.0048758472593302,1.0118829233778586,0.9983626029083768,1.0081600891600084,1.0107280379357027,1.0070023388154095,1.006287981417117,1.0037158008895126,1.018449823933334
19.500000000000004,0.9969119294143726,1.0137858095662746,1.0087562469653173,1.0059232016851376,1.0033957289065676,1.0176146490275357,1.0166587713838426,1.0164323408479101,1.017413924891895,1.0022046315074358,0.9998533089336419,1.0087740961590108,1.0134322589536442,1.0186275809311922,1.0209017550814181,1.0097129792797672
19.700000000000006,1.0058552736932582,1.0100400157002674,1.0038562084833587,1.0065004699853224,0.9995432154523909,1.0176223746356419,1.0137874431321001,1.0094431889325037,1.006230559951504,0.9945270480596625,1.0092862565165803,1.017721262572695,0.9925083316675952,1.005458765588452,1.0127217811647116,1.009492999430006
19.900000000000006,1.0003693873207253,1.0236246650563594,1.0047449041926941,1.011321995197722,1.0072177325237157,1.0228657875391198,1.003800812439809,0.9994793831745269,1.0031403894237203,1.0039504333850466,1.0010086531580127,1.0062615970540045,1.0069251798871701,1.016964616994315,1.0076076694488911,1.0061831451051269
20.100000000000005,0.9937532179696887,1.0108126893377212,0.9999666466595695,1.0003444649601057,1.0027976655242519,1.0086048741966405,1.0044297027192437,0.996578367289625,1.0112090965791611,0.9993934665214841,1.0035347799109264,1.016042978312766,1.0085626387065583,1.0192752263589835,1.0132993272257576,1.009691789581482
